[
  {
    "id": "11308995-570c-498d-8a9b-bd9887243287",
    "data": [
      {
        "text": "What ",
        "userDefined": false
      },
      {
        "text": "types",
        "meta": "@type",
        "alias": "type",
        "userDefined": false
      },
      {
        "text": " of ",
        "userDefined": false
      },
      {
        "text": "COVID-19",
        "meta": "@covid",
        "alias": "covid",
        "userDefined": false
      },
      {
        "text": " tests are available?",
        "userDefined": false
      }
    ],
    "isTemplate": false,
    "count": 1,
    "lang": "en",
    "updated": 0
  },
  {
    "id": "639eca2b-ce60-4061-8365-b7300b3adbd7",
    "data": [
      {
        "text": "Are there any at-home ",
        "userDefined": false
      },
      {
        "text": "COVID-19",
        "meta": "@covid",
        "alias": "covid",
        "userDefined": false
      },
      {
        "text": " testing options?",
        "userDefined": false
      }
    ],
    "isTemplate": false,
    "count": 0,
    "lang": "en",
    "updated": 0
  },
  {
    "id": "bee4aae2-9205-47c8-8c8f-7e8bc21bb57e",
    "data": [
      {
        "text": "Can you explain the process of ",
        "userDefined": false
      },
      {
        "text": "COVID-19",
        "meta": "@covid",
        "alias": "covid",
        "userDefined": false
      },
      {
        "text": " testing?",
        "userDefined": false
      }
    ],
    "isTemplate": false,
    "count": 0,
    "lang": "en",
    "updated": 0
  },
  {
    "id": "ce72a944-b71c-47ef-b35a-06955923319d",
    "data": [
      {
        "text": "What are the steps for ",
        "userDefined": false
      },
      {
        "text": "COVID-19",
        "meta": "@covid",
        "alias": "covid",
        "userDefined": false
      },
      {
        "text": " testing?",
        "userDefined": false
      }
    ],
    "isTemplate": false,
    "count": 0,
    "lang": "en",
    "updated": 0
  },
  {
    "id": "7c8456a6-8e47-4a5e-9dc2-2cc6bc600a61",
    "data": [
      {
        "text": "Where can I go to get a ",
        "userDefined": false
      },
      {
        "text": "COVID-19",
        "meta": "@covid",
        "alias": "covid",
        "userDefined": false
      },
      {
        "text": " test?",
        "userDefined": false
      }
    ],
    "isTemplate": false,
    "count": 0,
    "lang": "en",
    "updated": 0
  },
  {
    "id": "d6047f13-b044-43a4-bebf-9abb6b0a8f33",
    "data": [
      {
        "text": "How can I get tested for ",
        "userDefined": false
      },
      {
        "text": "COVID-19",
        "meta": "@covid",
        "alias": "covid",
        "userDefined": false
      },
      {
        "text": "?",
        "userDefined": false
      }
    ],
    "isTemplate": false,
    "count": 0,
    "lang": "en",
    "updated": 0
  },
  {
    "data": [
      {
        "text": "testing",
        "userDefined": false
      }
    ],
    "isTemplate": false,
    "count": 0,
    "lang": "en",
    "updated": 0
  }
]