[
  {
    "id": "64c05dd7-cd0a-4f48-9dfd-78f9a4f23c36",
    "data": [
      {
        "text": "what is ",
        "userDefined": false
      },
      {
        "text": "covid",
        "meta": "@covid",
        "alias": "covid",
        "userDefined": true
      }
    ],
    "isTemplate": false,
    "count": 1,
    "lang": "en",
    "updated": 0
  },
  {
    "id": "8a975d68-d879-4f0f-869c-2b02ed9fa42d",
    "data": [
      {
        "text": "tell me about covid",
        "userDefined": false
      }
    ],
    "isTemplate": false,
    "count": 0,
    "lang": "en",
    "updated": 0
  },
  {
    "id": "7de958c6-7bcd-4350-96fb-a914be27be50",
    "data": [
      {
        "text": "covid",
        "meta": "@covid",
        "alias": "covid",
        "userDefined": true
      }
    ],
    "isTemplate": false,
    "count": 5,
    "lang": "en",
    "updated": 0
  },
  {
    "id": "d1a2eb2b-c304-4a29-8cab-e70133629345",
    "data": [
      {
        "text": "What is ",
        "userDefined": false
      },
      {
        "text": "COVID-19",
        "meta": "@covid",
        "alias": "covid",
        "userDefined": true
      },
      {
        "text": "?",
        "userDefined": false
      }
    ],
    "isTemplate": false,
    "count": 0,
    "lang": "en",
    "updated": 0
  },
  {
    "data": [
      {
        "text": "Covid-19",
        "meta": "@covid",
        "alias": "covid",
        "userDefined": false
      }
    ],
    "isTemplate": false,
    "count": 0,
    "lang": "en",
    "updated": 0
  },
  {
    "data": [
      {
        "text": "what is ",
        "userDefined": false
      },
      {
        "text": "covid-19",
        "meta": "@covid",
        "alias": "covid",
        "userDefined": false
      },
      {
        "text": "?",
        "userDefined": false
      }
    ],
    "isTemplate": false,
    "count": 0,
    "lang": "en",
    "updated": 0
  }
]