[
  {
    "id": "eacbada6-eb03-4bc4-a64a-d421d1663ddd",
    "data": [
      {
        "text": "Can you describe the ways in which COVID-",
        "userDefined": false
      },
      {
        "text": "19",
        "userDefined": false
      },
      {
        "text": " can impact overall health?",
        "userDefined": false
      }
    ],
    "isTemplate": false,
    "count": 0,
    "lang": "en",
    "updated": 0
  },
  {
    "id": "22ebbecc-3976-4732-a3ca-f2deb15742db",
    "data": [
      {
        "text": "Can you provide information on the health implications of COVID-",
        "userDefined": false
      },
      {
        "text": "19",
        "userDefined": false
      },
      {
        "text": "?",
        "userDefined": false
      }
    ],
    "isTemplate": false,
    "count": 0,
    "lang": "en",
    "updated": 0
  },
  {
    "id": "2cc3e39e-d13e-4fd5-8b44-8a1193873288",
    "data": [
      {
        "text": "What are the physiological effects of COVID-",
        "userDefined": false
      },
      {
        "text": "19",
        "userDefined": false
      },
      {
        "text": " on the human body?",
        "userDefined": false
      }
    ],
    "isTemplate": false,
    "count": 0,
    "lang": "en",
    "updated": 0
  },
  {
    "id": "2cf08faa-d641-4910-9789-edad90942654",
    "data": [
      {
        "text": "How does COVID-",
        "userDefined": false
      },
      {
        "text": "19",
        "userDefined": false
      },
      {
        "text": " impact the well-being of people?",
        "userDefined": false
      }
    ],
    "isTemplate": false,
    "count": 0,
    "lang": "en",
    "updated": 0
  },
  {
    "id": "58721281-4477-414a-9bc0-1043970bd1ac",
    "data": [
      {
        "text": "What are the health consequences of contracting COVID-",
        "userDefined": false
      },
      {
        "text": "19",
        "userDefined": false
      },
      {
        "text": "?",
        "userDefined": false
      }
    ],
    "isTemplate": false,
    "count": 0,
    "lang": "en",
    "updated": 0
  },
  {
    "id": "f8a75fcc-4ff9-4b6e-81d9-d1837a71f7cf",
    "data": [
      {
        "text": "Can you explain the effects of COVID-",
        "userDefined": false
      },
      {
        "text": "19",
        "userDefined": false
      },
      {
        "text": " on human health?",
        "userDefined": false
      }
    ],
    "isTemplate": false,
    "count": 0,
    "lang": "en",
    "updated": 0
  },
  {
    "id": "b79f49dc-0c81-4c5b-9aaf-7daedb1a4fb1",
    "data": [
      {
        "text": "How does COVID-",
        "userDefined": false
      },
      {
        "text": "19",
        "userDefined": false
      },
      {
        "text": " affect the health of individuals?",
        "userDefined": false
      }
    ],
    "isTemplate": false,
    "count": 0,
    "lang": "en",
    "updated": 0
  },
  {
    "id": "a3bb8416-1897-4697-86fb-ddc8d81e5ae3",
    "data": [
      {
        "text": "What impact does COVID-",
        "userDefined": false
      },
      {
        "text": "19",
        "userDefined": false
      },
      {
        "text": " have on human health?",
        "userDefined": false
      }
    ],
    "isTemplate": false,
    "count": 0,
    "lang": "en",
    "updated": 0
  },
  {
    "id": "3fe64895-9207-4979-97ad-9add9b5e5151",
    "data": [
      {
        "text": "How does COVID-",
        "userDefined": false
      },
      {
        "text": "19",
        "userDefined": false
      },
      {
        "text": " affect human ",
        "userDefined": false
      },
      {
        "text": "heath",
        "userDefined": false
      }
    ],
    "isTemplate": false,
    "count": 0,
    "lang": "en",
    "updated": 0
  },
  {
    "id": "899e58dd-9b0e-490d-a955-8faefd94bcf0",
    "data": [
      {
        "text": "How does COVID-19 affect?",
        "userDefined": false
      }
    ],
    "isTemplate": false,
    "count": 0,
    "lang": "en",
    "updated": 0
  },
  {
    "data": [
      {
        "text": "COVID-",
        "userDefined": false
      },
      {
        "text": "19",
        "meta": "@sys.number",
        "alias": "number",
        "userDefined": false
      },
      {
        "text": " affect human health",
        "userDefined": false
      }
    ],
    "isTemplate": false,
    "count": 0,
    "lang": "en",
    "updated": 0
  }
]