[
  {
    "id": "1b2406de-bbbe-41fd-9685-f11f5a0a9562",
    "data": [
      {
        "text": "What is the typical timeframe for the incubation period of COVID-",
        "userDefined": false
      },
      {
        "text": "19",
        "meta": "@sys.number",
        "alias": "number",
        "userDefined": false
      },
      {
        "text": " symptoms?",
        "userDefined": false
      }
    ],
    "isTemplate": false,
    "count": 0,
    "lang": "en",
    "updated": 0
  },
  {
    "id": "d9dba931-03e6-4717-9581-455afb9ec0df",
    "data": [
      {
        "text": "How long should I wait after exposure to determine if I have contracted COVID-",
        "userDefined": false
      },
      {
        "text": "19",
        "meta": "@sys.number",
        "alias": "number",
        "userDefined": false
      },
      {
        "text": "?",
        "userDefined": false
      }
    ],
    "isTemplate": false,
    "count": 0,
    "lang": "en",
    "updated": 0
  },
  {
    "id": "f758e3ff-992e-4470-9fb5-0bdf8511271b",
    "data": [
      {
        "text": "When can someone expect to start showing signs of COVID-",
        "userDefined": false
      },
      {
        "text": "19",
        "meta": "@sys.number",
        "alias": "number",
        "userDefined": false
      },
      {
        "text": " after being exposed?",
        "userDefined": false
      }
    ],
    "isTemplate": false,
    "count": 0,
    "lang": "en",
    "updated": 0
  },
  {
    "id": "9ec7c919-f131-4f95-8700-8d38c086e80a",
    "data": [
      {
        "text": "What is the usual latency period between contracting COVID-",
        "userDefined": false
      },
      {
        "text": "19",
        "meta": "@sys.number",
        "alias": "number",
        "userDefined": false
      },
      {
        "text": " and experiencing symptoms?",
        "userDefined": false
      }
    ],
    "isTemplate": false,
    "count": 0,
    "lang": "en",
    "updated": 0
  },
  {
    "id": "012a7199-2ff2-4361-acd6-d1fe6d43aa46",
    "data": [
      {
        "text": "Is there a specific duration between exposure to COVID-",
        "userDefined": false
      },
      {
        "text": "19",
        "meta": "@sys.number",
        "alias": "number",
        "userDefined": false
      },
      {
        "text": " and the onset of symptoms?",
        "userDefined": false
      }
    ],
    "isTemplate": false,
    "count": 0,
    "lang": "en",
    "updated": 0
  },
  {
    "id": "6677a9a0-098e-4c56-8561-40a3428f20c6",
    "data": [
      {
        "text": "How many days does it usually take for COVID-",
        "userDefined": false
      },
      {
        "text": "19",
        "meta": "@sys.number",
        "alias": "number",
        "userDefined": false
      },
      {
        "text": " symptoms to appear after exposure?",
        "userDefined": false
      }
    ],
    "isTemplate": false,
    "count": 0,
    "lang": "en",
    "updated": 0
  },
  {
    "id": "f168dd24-e77b-4f0a-adbc-fd92d8540717",
    "data": [
      {
        "text": "After coming into contact with someone with COVID-",
        "userDefined": false
      },
      {
        "text": "19",
        "meta": "@sys.number",
        "alias": "number",
        "userDefined": false
      },
      {
        "text": ", how soon can symptoms start to show?",
        "userDefined": false
      }
    ],
    "isTemplate": false,
    "count": 0,
    "lang": "en",
    "updated": 0
  },
  {
    "id": "722bc043-2adb-49cc-bd29-8dcbf4dd8e8c",
    "data": [
      {
        "text": "What is the average time frame for symptoms to develop following exposure to the virus?",
        "userDefined": false
      }
    ],
    "isTemplate": false,
    "count": 0,
    "lang": "en",
    "updated": 0
  },
  {
    "id": "0ae59d4d-bc6c-4d6e-b620-158b251a32ad",
    "data": [
      {
        "text": "How long does it typically take for symptoms to manifest after being exposed to COVID-",
        "userDefined": false
      },
      {
        "text": "19",
        "meta": "@sys.number",
        "alias": "number",
        "userDefined": false
      },
      {
        "text": "?",
        "userDefined": false
      }
    ],
    "isTemplate": false,
    "count": 0,
    "lang": "en",
    "updated": 0
  },
  {
    "id": "7ea068a8-4407-4ad2-8179-58ec5f1f02dc",
    "data": [
      {
        "text": "What is the incubation period for COVID-",
        "userDefined": false
      },
      {
        "text": "19",
        "meta": "@sys.number",
        "alias": "number",
        "userDefined": false
      },
      {
        "text": " symptoms to appear after exposure?",
        "userDefined": false
      }
    ],
    "isTemplate": false,
    "count": 0,
    "lang": "en",
    "updated": 0
  },
  {
    "id": "96d516e5-4f7a-40aa-9090-dbc1ec2aeff2",
    "data": [
      {
        "text": "How long does it take after exposure to COVID-19 to develop symptoms?",
        "userDefined": false
      }
    ],
    "isTemplate": false,
    "count": 0,
    "lang": "en",
    "updated": 0
  }
]