[
  {
    "id": "8e575929-eeb6-4c67-9731-e8b90b4d5f02",
    "data": [
      {
        "text": "Are there any precautions I should take to prevent COVID-",
        "userDefined": false
      },
      {
        "text": "19",
        "userDefined": false
      },
      {
        "text": " transmission from my pet?",
        "userDefined": false
      }
    ],
    "isTemplate": false,
    "count": 0,
    "lang": "en",
    "updated": 0
  },
  {
    "id": "10f166ac-8ae9-43e0-ba26-ef0129bfa5c6",
    "data": [
      {
        "text": "Is it safe to interact with my pet during the COVID-",
        "userDefined": false
      },
      {
        "text": "19",
        "userDefined": false
      },
      {
        "text": " pandemic?",
        "userDefined": false
      }
    ],
    "isTemplate": false,
    "count": 0,
    "lang": "en",
    "updated": 0
  },
  {
    "id": "77044c64-f168-4d99-9a45-ddd31e6d7506",
    "data": [
      {
        "text": "Can I become infected with COVID-",
        "userDefined": false
      },
      {
        "text": "19",
        "userDefined": false
      },
      {
        "text": " through contact with my pet?",
        "userDefined": false
      }
    ],
    "isTemplate": false,
    "count": 0,
    "lang": "en",
    "updated": 0
  },
  {
    "id": "5a3efa08-96f3-42ca-83ea-2dcc73cc12d6",
    "data": [
      {
        "text": "Is there evidence of pets spreading COVID-",
        "userDefined": false
      },
      {
        "text": "19",
        "userDefined": false
      },
      {
        "text": " to humans?",
        "userDefined": false
      }
    ],
    "isTemplate": false,
    "count": 0,
    "lang": "en",
    "updated": 0
  },
  {
    "id": "468cfec7-425d-4c65-af56-236ffb8bc2e3",
    "data": [
      {
        "text": "Should I be concerned about getting COVID-",
        "userDefined": false
      },
      {
        "text": "19",
        "userDefined": false
      },
      {
        "text": " from my pet?",
        "userDefined": false
      }
    ],
    "isTemplate": false,
    "count": 0,
    "lang": "en",
    "updated": 0
  },
  {
    "id": "95d3becb-b6b5-4ca9-ba60-7f9f3529686e",
    "data": [
      {
        "text": "Can COVID-",
        "userDefined": false
      },
      {
        "text": "19",
        "userDefined": false
      },
      {
        "text": " be transmitted by animals to humans?",
        "userDefined": false
      }
    ],
    "isTemplate": false,
    "count": 0,
    "lang": "en",
    "updated": 0
  },
  {
    "id": "4ebd6375-59f1-443b-a574-db4ec6b45d0c",
    "data": [
      {
        "text": "Is there a risk of catching COVID-",
        "userDefined": false
      },
      {
        "text": "19",
        "userDefined": false
      },
      {
        "text": " from pets?",
        "userDefined": false
      }
    ],
    "isTemplate": false,
    "count": 0,
    "lang": "en",
    "updated": 0
  },
  {
    "id": "43bb487d-fb6a-4713-a022-182243c84d8b",
    "data": [
      {
        "text": "Can my pet transmit COVID-",
        "userDefined": false
      },
      {
        "text": "19",
        "userDefined": false
      },
      {
        "text": " to me?",
        "userDefined": false
      }
    ],
    "isTemplate": false,
    "count": 0,
    "lang": "en",
    "updated": 0
  },
  {
    "id": "30bb43e8-b15e-4ee4-9df6-cdfcb7421401",
    "data": [
      {
        "text": "Is it possible to contract COVID-",
        "userDefined": false
      },
      {
        "text": "19",
        "userDefined": false
      },
      {
        "text": " from my pet?",
        "userDefined": false
      }
    ],
    "isTemplate": false,
    "count": 0,
    "lang": "en",
    "updated": 0
  },
  {
    "id": "20072ed5-a256-426a-9a28-340fa310ca38",
    "data": [
      {
        "text": "Can I catch COVID-19 from my pet?",
        "userDefined": false
      }
    ],
    "isTemplate": false,
    "count": 0,
    "lang": "en",
    "updated": 0
  },
  {
    "data": [
      {
        "text": "Can I get COVID-",
        "userDefined": false
      },
      {
        "text": "19",
        "userDefined": false
      },
      {
        "text": " from my pet",
        "userDefined": false
      }
    ],
    "isTemplate": false,
    "count": 0,
    "lang": "en",
    "updated": 0
  }
]