[
  {
    "id": "fb6c43c8-81c5-4604-bbce-1f9a39c12963",
    "data": [
      {
        "text": "how do i know i am positive with covid",
        "userDefined": false
      }
    ],
    "isTemplate": false,
    "count": 0,
    "lang": "en",
    "updated": 0
  },
  {
    "id": "87e7b72d-a95d-4178-a35c-c99f565d2c60",
    "data": [
      {
        "text": "Are there any ",
        "userDefined": false
      },
      {
        "text": "telltale signs",
        "meta": "@symptom",
        "alias": "symptom",
        "userDefined": true
      },
      {
        "text": " of having contracted COVID-",
        "userDefined": false
      },
      {
        "text": "19",
        "meta": "@sys.number",
        "alias": "number",
        "userDefined": false
      },
      {
        "text": "?",
        "userDefined": false
      }
    ],
    "isTemplate": false,
    "count": 0,
    "lang": "en",
    "updated": 0
  },
  {
    "id": "fe805c85-faad-4193-9db3-2ece7d2ae0a0",
    "data": [
      {
        "text": "How can I differentiate between COVID-",
        "userDefined": false
      },
      {
        "text": "19",
        "meta": "@sys.number",
        "alias": "number",
        "userDefined": false
      },
      {
        "text": " symptoms and other illnesses?",
        "userDefined": false
      }
    ],
    "isTemplate": false,
    "count": 0,
    "lang": "en",
    "updated": 0
  },
  {
    "id": "099d6712-589f-48a4-b98b-37e3d1ddea91",
    "data": [
      {
        "text": "What are the common ",
        "userDefined": false
      },
      {
        "text": "manifestations",
        "meta": "@symptom",
        "alias": "symptom",
        "userDefined": true
      },
      {
        "text": " of COVID-",
        "userDefined": false
      },
      {
        "text": "19",
        "meta": "@sys.number",
        "alias": "number",
        "userDefined": false
      },
      {
        "text": " infection?",
        "userDefined": false
      }
    ],
    "isTemplate": false,
    "count": 0,
    "lang": "en",
    "updated": 0
  },
  {
    "id": "d39f827d-b025-4ba7-9c45-172233c6fc04",
    "data": [
      {
        "text": "How do I ",
        "userDefined": false
      },
      {
        "text": "recognize",
        "meta": "@symptom",
        "alias": "symptom",
        "userDefined": true
      },
      {
        "text": " if I\u0027m infected with COVID-",
        "userDefined": false
      },
      {
        "text": "19",
        "meta": "@sys.number",
        "alias": "number",
        "userDefined": false
      },
      {
        "text": "?",
        "userDefined": false
      }
    ],
    "isTemplate": false,
    "count": 0,
    "lang": "en",
    "updated": 0
  },
  {
    "id": "db5dd3eb-a9ac-4c1f-9d7e-0fc8122e3f38",
    "data": [
      {
        "text": "How can I know if I have COVID-",
        "userDefined": false
      },
      {
        "text": "19",
        "meta": "@sys.number",
        "alias": "number",
        "userDefined": false
      },
      {
        "text": "?",
        "userDefined": false
      }
    ],
    "isTemplate": false,
    "count": 0,
    "lang": "en",
    "updated": 0
  },
  {
    "id": "1c79ec6b-77da-453e-ba96-20691277de26",
    "data": [
      {
        "text": "What are the ",
        "userDefined": false
      },
      {
        "text": "signs",
        "meta": "@symptom",
        "alias": "symptom",
        "userDefined": true
      },
      {
        "text": " that indicate I might have COVID-",
        "userDefined": false
      },
      {
        "text": "19",
        "meta": "@sys.number",
        "alias": "number",
        "userDefined": false
      },
      {
        "text": "?",
        "userDefined": false
      }
    ],
    "isTemplate": false,
    "count": 0,
    "lang": "en",
    "updated": 0
  },
  {
    "id": "4586b482-057f-499a-9596-416ed1d7c628",
    "data": [
      {
        "text": "How do I know I have COVID",
        "userDefined": false
      }
    ],
    "isTemplate": false,
    "count": 0,
    "lang": "en",
    "updated": 0
  },
  {
    "id": "62feda8c-95a8-47bd-b866-30ef31820afd",
    "data": [
      {
        "text": "covid ",
        "userDefined": false
      },
      {
        "text": "symptom",
        "meta": "@symptom",
        "alias": "symptom",
        "userDefined": true
      }
    ],
    "isTemplate": false,
    "count": 0,
    "lang": "en",
    "updated": 0
  },
  {
    "id": "f030cde2-4b9c-458f-82ae-799f83c2d62a",
    "data": [
      {
        "text": "tell me ",
        "userDefined": false
      },
      {
        "text": "covid symptom",
        "meta": "@symptom",
        "alias": "symptom",
        "userDefined": true
      }
    ],
    "isTemplate": false,
    "count": 0,
    "lang": "en",
    "updated": 0
  },
  {
    "id": "d52667af-3d39-4217-9215-d8f3bac7805a",
    "data": [
      {
        "text": "symptom of covid",
        "userDefined": false
      }
    ],
    "isTemplate": false,
    "count": 0,
    "lang": "en",
    "updated": 0
  },
  {
    "id": "cc5aed66-5cbb-4849-948d-c7cad4886bfa",
    "data": [
      {
        "text": "symptoms of covid",
        "userDefined": false
      }
    ],
    "isTemplate": false,
    "count": 0,
    "lang": "en",
    "updated": 0
  },
  {
    "id": "7bc90533-51a1-4894-8658-a9a2617dbaef",
    "data": [
      {
        "text": "symptom",
        "userDefined": false
      }
    ],
    "isTemplate": false,
    "count": 0,
    "lang": "en",
    "updated": 0
  },
  {
    "id": "0d85ad2e-ce22-4650-bc06-6c82d3babff7",
    "data": [
      {
        "text": "What are the symptoms of COVID-19?",
        "userDefined": false
      }
    ],
    "isTemplate": false,
    "count": 0,
    "lang": "en",
    "updated": 0
  },
  {
    "id": "8e698361-37b1-4916-a647-472ba6e1e42e",
    "data": [
      {
        "text": "headache",
        "userDefined": false
      }
    ],
    "isTemplate": false,
    "count": 0,
    "lang": "en",
    "updated": 0
  },
  {
    "id": "ec0b1c4a-5b2c-4cda-989c-8abc3c276c31",
    "data": [
      {
        "text": "Current types of covid disease",
        "userDefined": false
      }
    ],
    "isTemplate": false,
    "count": 0,
    "lang": "en",
    "updated": 0
  },
  {
    "data": [
      {
        "text": "What is ",
        "userDefined": false
      },
      {
        "text": "Covid\u0027s symptoms",
        "meta": "@symptom",
        "alias": "symptom",
        "userDefined": false
      }
    ],
    "isTemplate": false,
    "count": 4,
    "lang": "en",
    "updated": 0
  },
  {
    "data": [
      {
        "text": "symptoms of Covid",
        "userDefined": false
      }
    ],
    "isTemplate": false,
    "count": 0,
    "lang": "en",
    "updated": 0
  },
  {
    "data": [
      {
        "text": "How do I know I have Covid?",
        "userDefined": false
      }
    ],
    "isTemplate": false,
    "count": 0,
    "lang": "en",
    "updated": 0
  },
  {
    "data": [
      {
        "text": "The symptoms of Covid",
        "userDefined": false
      }
    ],
    "isTemplate": false,
    "count": 0,
    "lang": "en",
    "updated": 0
  },
  {
    "data": [
      {
        "text": "Symptoms of Covid",
        "userDefined": false
      }
    ],
    "isTemplate": false,
    "count": 0,
    "lang": "en",
    "updated": 0
  },
  {
    "data": [
      {
        "text": "Do you know the symptoms of Covid\u0027s disease",
        "userDefined": false
      }
    ],
    "isTemplate": false,
    "count": 0,
    "lang": "en",
    "updated": 0
  },
  {
    "data": [
      {
        "text": "how do i know i am positive",
        "userDefined": false
      }
    ],
    "isTemplate": false,
    "count": 0,
    "lang": "en",
    "updated": 0
  }
]