[
  {
    "id": "e24fbe63-cf1a-4e26-a09d-651da5373e74",
    "data": [
      {
        "text": "is COVID-",
        "userDefined": false
      },
      {
        "text": "19",
        "meta": "@sys.number",
        "alias": "number",
        "userDefined": false
      },
      {
        "text": " vaccine safe?",
        "userDefined": false
      }
    ],
    "isTemplate": false,
    "count": 0,
    "lang": "en",
    "updated": 0
  },
  {
    "id": "ba708a79-489a-4bc2-8934-5bdb663adb93",
    "data": [
      {
        "text": "Are COVID-",
        "userDefined": false
      },
      {
        "text": "19",
        "meta": "@sys.number",
        "alias": "number",
        "userDefined": false
      },
      {
        "text": " vaccines safe",
        "userDefined": false
      }
    ],
    "isTemplate": false,
    "count": 0,
    "lang": "en",
    "updated": 0
  },
  {
    "id": "84c4d737-534d-48f9-a8ca-912cd928f019",
    "data": [
      {
        "text": "Are COVID-19 vaccines safe even though the vaccines were developed rapidly?",
        "userDefined": false
      }
    ],
    "isTemplate": false,
    "count": 0,
    "lang": "en",
    "updated": 0
  },
  {
    "data": [
      {
        "text": "Vaccin Pfizer",
        "userDefined": false
      }
    ],
    "isTemplate": false,
    "count": 0,
    "lang": "en",
    "updated": 0
  }
]