[
  {
    "id": "0154bd8a-6839-4130-8078-271d205f6204",
    "data": [
      {
        "text": "Vaccine ",
        "userDefined": false
      },
      {
        "text": "pricing",
        "meta": "@cost",
        "alias": "cost",
        "userDefined": true
      }
    ],
    "isTemplate": false,
    "count": 0,
    "lang": "en",
    "updated": 0
  },
  {
    "id": "9b708af4-146b-440b-b8de-a46f6af6ffaa",
    "data": [
      {
        "text": "Vaccine ",
        "userDefined": false
      },
      {
        "text": "price",
        "meta": "@cost",
        "alias": "cost",
        "userDefined": true
      }
    ],
    "isTemplate": false,
    "count": 0,
    "lang": "en",
    "updated": 0
  },
  {
    "id": "c1f51c5a-8ee9-42d0-a5d8-a9b23b5ac171",
    "data": [
      {
        "text": "Price",
        "meta": "@cost",
        "alias": "cost",
        "userDefined": true
      },
      {
        "text": " of vaccine",
        "userDefined": false
      }
    ],
    "isTemplate": false,
    "count": 0,
    "lang": "en",
    "updated": 0
  },
  {
    "id": "459aff6c-bda9-11eb-a26b-0242ac1c0002",
    "data": [
      {
        "text": "How much",
        "meta": "@cost",
        "alias": "cost",
        "userDefined": true
      },
      {
        "text": " will the vaccine cost?",
        "userDefined": false
      }
    ],
    "isTemplate": false,
    "count": 0,
    "lang": "en",
    "updated": 0
  },
  {
    "id": "459affd0-bda9-11eb-a26b-0242ac1c0002",
    "data": [
      {
        "text": "How much does a vaccine cost?",
        "userDefined": false
      }
    ],
    "isTemplate": false,
    "count": 0,
    "lang": "en",
    "updated": 0
  },
  {
    "id": "459b0034-bda9-11eb-a26b-0242ac1c0002",
    "data": [
      {
        "text": "How much the vaccine ",
        "userDefined": false
      },
      {
        "text": "cost",
        "meta": "@cost",
        "alias": "cost",
        "userDefined": true
      },
      {
        "text": "?",
        "userDefined": false
      }
    ],
    "isTemplate": false,
    "count": 0,
    "lang": "en",
    "updated": 0
  },
  {
    "id": "459b0098-bda9-11eb-a26b-0242ac1c0002",
    "data": [
      {
        "text": "How much would a vaccine cost?",
        "userDefined": false
      }
    ],
    "isTemplate": false,
    "count": 0,
    "lang": "en",
    "updated": 0
  },
  {
    "id": "459b00fc-bda9-11eb-a26b-0242ac1c0002",
    "data": [
      {
        "text": "How much is a vaccine costing?",
        "userDefined": false
      }
    ],
    "isTemplate": false,
    "count": 0,
    "lang": "en",
    "updated": 0
  },
  {
    "id": "459b017e-bda9-11eb-a26b-0242ac1c0002",
    "data": [
      {
        "text": "How much does the first antiviral vaccine cost?",
        "userDefined": false
      }
    ],
    "isTemplate": false,
    "count": 0,
    "lang": "en",
    "updated": 0
  },
  {
    "id": "459b01ec-bda9-11eb-a26b-0242ac1c0002",
    "data": [
      {
        "text": "How much is the vaccination supposed to cost?",
        "userDefined": false
      }
    ],
    "isTemplate": false,
    "count": 0,
    "lang": "en",
    "updated": 0
  },
  {
    "id": "459b02a0-bda9-11eb-a26b-0242ac1c0002",
    "data": [
      {
        "text": "How much does the vaccine cost?",
        "userDefined": false
      }
    ],
    "isTemplate": false,
    "count": 0,
    "lang": "en",
    "updated": 0
  }
]