[
  {
    "id": "459af49a-bda9-11eb-a26b-0242ac1c0002",
    "data": [
      {
        "text": "How many doses of the vaccine are needed?",
        "userDefined": false
      }
    ],
    "isTemplate": false,
    "count": 0,
    "lang": "en",
    "updated": 0
  },
  {
    "id": "459af4fe-bda9-11eb-a26b-0242ac1c0002",
    "data": [
      {
        "text": "How many doses of vaccine are needed?",
        "userDefined": false
      }
    ],
    "isTemplate": false,
    "count": 0,
    "lang": "en",
    "updated": 0
  },
  {
    "id": "459af56c-bda9-11eb-a26b-0242ac1c0002",
    "data": [
      {
        "text": "Is the mandatory vaccination necessary? If not, how much is needed?",
        "userDefined": false
      }
    ],
    "isTemplate": false,
    "count": 0,
    "lang": "en",
    "updated": 0
  },
  {
    "id": "459af5d0-bda9-11eb-a26b-0242ac1c0002",
    "data": [
      {
        "text": "How many doses of vaccine must one make?",
        "userDefined": false
      }
    ],
    "isTemplate": false,
    "count": 0,
    "lang": "en",
    "updated": 0
  },
  {
    "id": "459af634-bda9-11eb-a26b-0242ac1c0002",
    "data": [
      {
        "text": "How many doses is needed for a vaccine?",
        "userDefined": false
      }
    ],
    "isTemplate": false,
    "count": 0,
    "lang": "en",
    "updated": 0
  },
  {
    "id": "459af68e-bda9-11eb-a26b-0242ac1c0002",
    "data": [
      {
        "text": "How many doses of the vaccine are needed for breast cancer?",
        "userDefined": false
      }
    ],
    "isTemplate": false,
    "count": 0,
    "lang": "en",
    "updated": 0
  },
  {
    "id": "459af6f2-bda9-11eb-a26b-0242ac1c0002",
    "data": [
      {
        "text": "How many doses of a vaccine is needed in a week?",
        "userDefined": false
      }
    ],
    "isTemplate": false,
    "count": 0,
    "lang": "en",
    "updated": 0
  },
  {
    "id": "459af756-bda9-11eb-a26b-0242ac1c0002",
    "data": [
      {
        "text": "How many doses is required per dose of vaccination?",
        "userDefined": false
      }
    ],
    "isTemplate": false,
    "count": 0,
    "lang": "en",
    "updated": 0
  },
  {
    "id": "459af7ba-bda9-11eb-a26b-0242ac1c0002",
    "data": [
      {
        "text": "How many doses of influenza vaccine are needed?",
        "userDefined": false
      }
    ],
    "isTemplate": false,
    "count": 0,
    "lang": "en",
    "updated": 0
  },
  {
    "data": [
      {
        "text": "when can the ",
        "userDefined": false
      },
      {
        "text": "second",
        "meta": "@sys.ordinal",
        "alias": "ordinal",
        "userDefined": false
      },
      {
        "text": " dose be given?",
        "userDefined": false
      }
    ],
    "isTemplate": false,
    "count": 0,
    "lang": "en",
    "updated": 0
  }
]