[
  {
    "id": "459aaff8-bda9-11eb-a26b-0242ac1c0002",
    "data": [
      {
        "text": "How do viral vector vaccines work?",
        "userDefined": false
      }
    ],
    "isTemplate": false,
    "count": 0,
    "lang": "en",
    "updated": 0
  },
  {
    "id": "459ab0d4-bda9-11eb-a26b-0242ac1c0002",
    "data": [
      {
        "text": "How do viral vaccines work?",
        "userDefined": false
      }
    ],
    "isTemplate": false,
    "count": 0,
    "lang": "en",
    "updated": 0
  },
  {
    "id": "459ab14c-bda9-11eb-a26b-0242ac1c0002",
    "data": [
      {
        "text": "What is a viral vector vaccine?",
        "userDefined": false
      }
    ],
    "isTemplate": false,
    "count": 0,
    "lang": "en",
    "updated": 0
  },
  {
    "id": "459ab1ba-bda9-11eb-a26b-0242ac1c0002",
    "data": [
      {
        "text": "How do viruses of different species create their own virus vector?",
        "userDefined": false
      }
    ],
    "isTemplate": false,
    "count": 0,
    "lang": "en",
    "updated": 0
  },
  {
    "id": "459ab228-bda9-11eb-a26b-0242ac1c0002",
    "data": [
      {
        "text": "Are there any valid and reliable viruses encapsulated in vector vaccines?",
        "userDefined": false
      }
    ],
    "isTemplate": false,
    "count": 0,
    "lang": "en",
    "updated": 0
  },
  {
    "id": "459ab296-bda9-11eb-a26b-0242ac1c0002",
    "data": [
      {
        "text": "What is the role of a vector vaccine in infectious diseases?",
        "userDefined": false
      }
    ],
    "isTemplate": false,
    "count": 0,
    "lang": "en",
    "updated": 0
  },
  {
    "id": "459ab304-bda9-11eb-a26b-0242ac1c0002",
    "data": [
      {
        "text": "How do viruses in vaccination work?",
        "userDefined": false
      }
    ],
    "isTemplate": false,
    "count": 0,
    "lang": "en",
    "updated": 0
  },
  {
    "id": "459ab368-bda9-11eb-a26b-0242ac1c0002",
    "data": [
      {
        "text": "How does a vaccine (viral vector vaccine) works?",
        "userDefined": false
      }
    ],
    "isTemplate": false,
    "count": 0,
    "lang": "en",
    "updated": 0
  },
  {
    "id": "459ab3d6-bda9-11eb-a26b-0242ac1c0002",
    "data": [
      {
        "text": "How do vector vaccines work?",
        "userDefined": false
      }
    ],
    "isTemplate": false,
    "count": 0,
    "lang": "en",
    "updated": 0
  },
  {
    "data": [
      {
        "text": "which type of vaccine should i have",
        "userDefined": false
      }
    ],
    "isTemplate": false,
    "count": 0,
    "lang": "en",
    "updated": 0
  }
]