[
  {
    "id": "42caeb7f-8c6d-4935-b68a-354edb66d14e",
    "data": [
      {
        "text": "is vaccine safe?",
        "userDefined": false
      }
    ],
    "isTemplate": false,
    "count": 0,
    "lang": "en",
    "updated": 0
  },
  {
    "id": "459a9658-bda9-11eb-a26b-0242ac1c0002",
    "data": [
      {
        "text": "How do we know that these vaccines are safe, could they cause long-term problems?",
        "userDefined": false
      }
    ],
    "isTemplate": false,
    "count": 0,
    "lang": "en",
    "updated": 0
  },
  {
    "id": "459a96d0-bda9-11eb-a26b-0242ac1c0002",
    "data": [
      {
        "text": "How are vaccines safe?",
        "userDefined": false
      }
    ],
    "isTemplate": false,
    "count": 0,
    "lang": "en",
    "updated": 0
  },
  {
    "id": "459a9734-bda9-11eb-a26b-0242ac1c0002",
    "data": [
      {
        "text": "Are vaccines safe?",
        "userDefined": false
      }
    ],
    "isTemplate": false,
    "count": 0,
    "lang": "en",
    "updated": 0
  },
  {
    "id": "459a97a2-bda9-11eb-a26b-0242ac1c0002",
    "data": [
      {
        "text": "How do we know if vaccines are safe?",
        "userDefined": false
      }
    ],
    "isTemplate": false,
    "count": 0,
    "lang": "en",
    "updated": 0
  },
  {
    "id": "459a9806-bda9-11eb-a26b-0242ac1c0002",
    "data": [
      {
        "text": "How do we know that vaccines are safe?",
        "userDefined": false
      }
    ],
    "isTemplate": false,
    "count": 0,
    "lang": "en",
    "updated": 0
  },
  {
    "id": "459a9874-bda9-11eb-a26b-0242ac1c0002",
    "data": [
      {
        "text": "How can you determine if a vaccine makes you sick?",
        "userDefined": false
      }
    ],
    "isTemplate": false,
    "count": 0,
    "lang": "en",
    "updated": 0
  },
  {
    "id": "459a98e2-bda9-11eb-a26b-0242ac1c0002",
    "data": [
      {
        "text": "Why is there no good evidence that these vaccines are safe and effective?",
        "userDefined": false
      }
    ],
    "isTemplate": false,
    "count": 0,
    "lang": "en",
    "updated": 0
  },
  {
    "id": "459a9946-bda9-11eb-a26b-0242ac1c0002",
    "data": [
      {
        "text": "If these vaccines are safe, could they cause long-term problems?",
        "userDefined": false
      }
    ],
    "isTemplate": false,
    "count": 0,
    "lang": "en",
    "updated": 0
  },
  {
    "id": "459a99b4-bda9-11eb-a26b-0242ac1c0002",
    "data": [
      {
        "text": "How long can a vaccine last?",
        "userDefined": false
      }
    ],
    "isTemplate": false,
    "count": 0,
    "lang": "en",
    "updated": 0
  },
  {
    "id": "459a9a18-bda9-11eb-a26b-0242ac1c0002",
    "data": [
      {
        "text": "How do we know that vaccines are safe? Could they cause long-term problems?",
        "userDefined": false
      }
    ],
    "isTemplate": false,
    "count": 0,
    "lang": "en",
    "updated": 0
  },
  {
    "id": "459a9a7c-bda9-11eb-a26b-0242ac1c0002",
    "data": [
      {
        "text": "Is it possible to get vaccinations without the risk of infection?",
        "userDefined": false
      }
    ],
    "isTemplate": false,
    "count": 0,
    "lang": "en",
    "updated": 0
  }
]