[
  {
    "id": "459a9cc0-bda9-11eb-a26b-0242ac1c0002",
    "data": [
      {
        "text": "How can I report a COVID-19 vaccine?",
        "userDefined": false
      }
    ],
    "isTemplate": false,
    "count": 0,
    "lang": "en",
    "updated": 0
  },
  {
    "id": "459a9d2e-bda9-11eb-a26b-0242ac1c0002",
    "data": [
      {
        "text": "How should I report symptoms of COVID-19?",
        "userDefined": false
      }
    ],
    "isTemplate": false,
    "count": 0,
    "lang": "en",
    "updated": 0
  },
  {
    "id": "459a9d92-bda9-11eb-a26b-0242ac1c0002",
    "data": [
      {
        "text": "How do I report a side effect of COVID-19 vaccine?",
        "userDefined": false
      }
    ],
    "isTemplate": false,
    "count": 0,
    "lang": "en",
    "updated": 0
  },
  {
    "id": "459a9e00-bda9-11eb-a26b-0242ac1c0002",
    "data": [
      {
        "text": "What is the best way to report the possible side effects of COVID-19 vaccine?",
        "userDefined": false
      }
    ],
    "isTemplate": false,
    "count": 0,
    "lang": "en",
    "updated": 0
  },
  {
    "id": "459a9e64-bda9-11eb-a26b-0242ac1c0002",
    "data": [
      {
        "text": "How do you report a problem or potential side effect with a COVID-19 vaccine?",
        "userDefined": false
      }
    ],
    "isTemplate": false,
    "count": 0,
    "lang": "en",
    "updated": 0
  },
  {
    "id": "459a9ed2-bda9-11eb-a26b-0242ac1c0002",
    "data": [
      {
        "text": "How do I report a side effect to a vaccine?",
        "userDefined": false
      }
    ],
    "isTemplate": false,
    "count": 0,
    "lang": "en",
    "updated": 0
  },
  {
    "id": "459a9f40-bda9-11eb-a26b-0242ac1c0002",
    "data": [
      {
        "text": "How do I report a COVID-19 vaccine?",
        "userDefined": false
      }
    ],
    "isTemplate": false,
    "count": 0,
    "lang": "en",
    "updated": 0
  },
  {
    "id": "459a9fa4-bda9-11eb-a26b-0242ac1c0002",
    "data": [
      {
        "text": "What are the side effects of COVID-19 vaccine?",
        "userDefined": false
      }
    ],
    "isTemplate": false,
    "count": 0,
    "lang": "en",
    "updated": 0
  },
  {
    "data": [
      {
        "text": "the side effect of covid vaccine",
        "userDefined": false
      }
    ],
    "isTemplate": false,
    "count": 0,
    "lang": "en",
    "updated": 0
  }
]