[
  {
    "id": "459a4572-bda9-11eb-a26b-0242ac1c0002",
    "data": [
      {
        "text": "How do we know if COVID-19 vaccines are safe?",
        "userDefined": false
      }
    ],
    "isTemplate": false,
    "count": 0,
    "lang": "en",
    "updated": 0
  },
  {
    "id": "459a52a6-bda9-11eb-a26b-0242ac1c0002",
    "data": [
      {
        "text": "How do you know if COVID-19 vaccines are safe?",
        "userDefined": false
      }
    ],
    "isTemplate": false,
    "count": 0,
    "lang": "en",
    "updated": 0
  },
  {
    "id": "459a5530-bda9-11eb-a26b-0242ac1c0002",
    "data": [
      {
        "text": "How does COVID-19 work?",
        "userDefined": false
      }
    ],
    "isTemplate": false,
    "count": 0,
    "lang": "en",
    "updated": 0
  },
  {
    "id": "459a56fc-bda9-11eb-a26b-0242ac1c0002",
    "data": [
      {
        "text": "How do you know that COVID-19 vaccine is still effective?",
        "userDefined": false
      }
    ],
    "isTemplate": false,
    "count": 0,
    "lang": "en",
    "updated": 0
  },
  {
    "id": "459a5b8e-bda9-11eb-a26b-0242ac1c0002",
    "data": [
      {
        "text": "How do you know which vaccin is safe?",
        "userDefined": false
      }
    ],
    "isTemplate": false,
    "count": 0,
    "lang": "en",
    "updated": 0
  },
  {
    "id": "459a5cb0-bda9-11eb-a26b-0242ac1c0002",
    "data": [
      {
        "text": "How do we know if you got a good dose of COVID-19 vaccine?",
        "userDefined": false
      }
    ],
    "isTemplate": false,
    "count": 0,
    "lang": "en",
    "updated": 0
  },
  {
    "id": "459a87ee-bda9-11eb-a26b-0242ac1c0002",
    "data": [
      {
        "text": "How can you find out if a COVID-19 vaccination was safe?",
        "userDefined": false
      }
    ],
    "isTemplate": false,
    "count": 0,
    "lang": "en",
    "updated": 0
  },
  {
    "id": "459a89c4-bda9-11eb-a26b-0242ac1c0002",
    "data": [
      {
        "text": "Are COVID-19 vaccines safe to buy?",
        "userDefined": false
      }
    ],
    "isTemplate": false,
    "count": 0,
    "lang": "en",
    "updated": 0
  },
  {
    "id": "459a8a82-bda9-11eb-a26b-0242ac1c0002",
    "data": [
      {
        "text": "What are the best ways to find out if COVID-19 vaccine is safe?",
        "userDefined": false
      }
    ],
    "isTemplate": false,
    "count": 0,
    "lang": "en",
    "updated": 0
  },
  {
    "id": "459a8b22-bda9-11eb-a26b-0242ac1c0002",
    "data": [
      {
        "text": "Do the COVID-19 vaccines and other vaccines still work?",
        "userDefined": false
      }
    ],
    "isTemplate": false,
    "count": 0,
    "lang": "en",
    "updated": 0
  },
  {
    "data": [
      {
        "text": "So should I vaccinate Covid?",
        "userDefined": false
      }
    ],
    "isTemplate": false,
    "count": 1,
    "lang": "en",
    "updated": 0
  },
  {
    "data": [
      {
        "text": "Should I go to the vaccine?",
        "userDefined": false
      }
    ],
    "isTemplate": false,
    "count": 1,
    "lang": "en",
    "updated": 0
  }
]