[
  {
    "id": "459addb6-bda9-11eb-a26b-0242ac1c0002",
    "data": [
      {
        "text": "Which COVID-19 vaccine should I receive?",
        "userDefined": false
      }
    ],
    "isTemplate": false,
    "count": 0,
    "lang": "en",
    "updated": 0
  },
  {
    "id": "459ade1a-bda9-11eb-a26b-0242ac1c0002",
    "data": [
      {
        "text": "Which vaccine type: COVID-19?",
        "userDefined": false
      }
    ],
    "isTemplate": false,
    "count": 0,
    "lang": "en",
    "updated": 0
  },
  {
    "id": "459ade7e-bda9-11eb-a26b-0242ac1c0002",
    "data": [
      {
        "text": "Which vaccination plan should I choose?",
        "userDefined": false
      }
    ],
    "isTemplate": false,
    "count": 0,
    "lang": "en",
    "updated": 0
  },
  {
    "id": "459adee2-bda9-11eb-a26b-0242ac1c0002",
    "data": [
      {
        "text": "Which vaccine is required for COVID-19?",
        "userDefined": false
      }
    ],
    "isTemplate": false,
    "count": 0,
    "lang": "en",
    "updated": 0
  },
  {
    "id": "459adf46-bda9-11eb-a26b-0242ac1c0002",
    "data": [
      {
        "text": "Which INR COVID-19 vaccine can I get?",
        "userDefined": false
      }
    ],
    "isTemplate": false,
    "count": 0,
    "lang": "en",
    "updated": 0
  },
  {
    "id": "459adfb4-bda9-11eb-a26b-0242ac1c0002",
    "data": [
      {
        "text": "What was the vaccine for COVID 19?",
        "userDefined": false
      }
    ],
    "isTemplate": false,
    "count": 0,
    "lang": "en",
    "updated": 0
  },
  {
    "id": "459ae018-bda9-11eb-a26b-0242ac1c0002",
    "data": [
      {
        "text": "What do I have to get COVID-19 vaccine?",
        "userDefined": false
      }
    ],
    "isTemplate": false,
    "count": 0,
    "lang": "en",
    "updated": 0
  },
  {
    "id": "459ae0ea-bda9-11eb-a26b-0242ac1c0002",
    "data": [
      {
        "text": "What is the best COVID-19 vaccine?",
        "userDefined": false
      }
    ],
    "isTemplate": false,
    "count": 0,
    "lang": "en",
    "updated": 0
  },
  {
    "id": "459ae14e-bda9-11eb-a26b-0242ac1c0002",
    "data": [
      {
        "text": "What is the best vaccine for COVID-19?",
        "userDefined": false
      }
    ],
    "isTemplate": false,
    "count": 0,
    "lang": "en",
    "updated": 0
  }
]