[
  {
    "id": "97006dbb-ea76-4001-b713-54c5e138c81d",
    "data": [
      {
        "text": "greetings",
        "userDefined": false
      }
    ],
    "isTemplate": false,
    "count": 0,
    "lang": "en",
    "updated": 0
  },
  {
    "id": "6abdc9ff-0ae0-42bf-8fba-b1a275b17eab",
    "data": [
      {
        "text": "helo",
        "userDefined": false
      }
    ],
    "isTemplate": false,
    "count": 0,
    "lang": "en",
    "updated": 0
  },
  {
    "id": "8e55ff07-e6ad-4418-b574-f3ddf85f8e6a",
    "data": [
      {
        "text": "who",
        "userDefined": false
      }
    ],
    "isTemplate": false,
    "count": 1,
    "lang": "en",
    "updated": 0
  },
  {
    "id": "459b08f4-bda9-11eb-a26b-0242ac1c0002",
    "data": [
      {
        "text": "Default Welcome Intent",
        "userDefined": false
      }
    ],
    "isTemplate": false,
    "count": 0,
    "lang": "en",
    "updated": 0
  },
  {
    "id": "459b0962-bda9-11eb-a26b-0242ac1c0002",
    "data": [
      {
        "text": "Hi",
        "userDefined": false
      }
    ],
    "isTemplate": false,
    "count": 0,
    "lang": "en",
    "updated": 0
  },
  {
    "id": "459b09c6-bda9-11eb-a26b-0242ac1c0002",
    "data": [
      {
        "text": "Hello",
        "userDefined": false
      }
    ],
    "isTemplate": false,
    "count": 0,
    "lang": "en",
    "updated": 0
  },
  {
    "id": "459b0a3e-bda9-11eb-a26b-0242ac1c0002",
    "data": [
      {
        "text": "Hi there",
        "userDefined": false
      }
    ],
    "isTemplate": false,
    "count": 0,
    "lang": "en",
    "updated": 0
  },
  {
    "id": "459b0aa2-bda9-11eb-a26b-0242ac1c0002",
    "data": [
      {
        "text": "Hey there",
        "userDefined": false
      }
    ],
    "isTemplate": false,
    "count": 0,
    "lang": "en",
    "updated": 0
  },
  {
    "id": "459b0b10-bda9-11eb-a26b-0242ac1c0002",
    "data": [
      {
        "text": "Heya",
        "userDefined": false
      }
    ],
    "isTemplate": false,
    "count": 0,
    "lang": "en",
    "updated": 0
  },
  {
    "id": "459b0b74-bda9-11eb-a26b-0242ac1c0002",
    "data": [
      {
        "text": "Howdy",
        "userDefined": false
      }
    ],
    "isTemplate": false,
    "count": 0,
    "lang": "en",
    "updated": 0
  },
  {
    "id": "459b0c3c-bda9-11eb-a26b-0242ac1c0002",
    "data": [
      {
        "text": "Just going to say hi",
        "userDefined": false
      }
    ],
    "isTemplate": false,
    "count": 0,
    "lang": "en",
    "updated": 0
  },
  {
    "id": "b3252ec7-a8bf-44de-a613-25ea05ad47dd",
    "data": [
      {
        "text": "hi",
        "userDefined": false
      }
    ],
    "isTemplate": false,
    "count": 1,
    "lang": "en",
    "updated": 0
  },
  {
    "id": "90cfb2e9-02c6-4bc7-8b77-a72c5f9ef432",
    "data": [
      {
        "text": "who are you",
        "userDefined": false
      }
    ],
    "isTemplate": false,
    "count": 0,
    "lang": "en",
    "updated": 0
  }
]